id;author;content;created_at
1;sting toward;../fake-data/blob/hipster.txt;2026-04-03T10:01:48
2;an normal ew;../fake-data/blob/hipster.txt;2026-04-02T13:10:09
3;bah;../fake-data/blob/hipster.txt;2026-04-03T12:08:00
4;narrate perfectly boldly;../fake-data/blob/hipster.txt;2026-04-02T15:02:20
5;after injunction;../fake-data/blob/hipster.txt;2026-04-03T06:25:14
6;until summarise;../fake-data/blob/hipster.txt;2026-04-02T23:52:22
7;quirkily;../fake-data/blob/hipster.txt;2026-04-02T17:53:12
8;but accredit;../fake-data/blob/hipster.txt;2026-04-03T11:23:27
9;whether euphonium;../fake-data/blob/hipster.txt;2026-04-02T21:24:06
10;impish bowler;../fake-data/blob/hipster.txt;2026-04-03T05:17:54
