id;title;description;priority;status;due_date;created_at
1;gee aboard;terribly;LOW;BLOCKED;2026-04-02;2026-04-02T17:47:02
2;cross-contamination how;crank;HIGH;DONE;2026-04-02;2026-04-02T18:09:58
3;anenst;opposite;MEDIUM;IN_PROGRESS;2026-04-03;2026-04-03T04:04:31
4;dream warmly;adjudge;MEDIUM;IN_PROGRESS;2026-04-03;2026-04-03T07:46:42
5;supposing unless intensely;limp briefly;URGENT;TODO;2026-04-03;2026-04-03T12:26:12
6;word;smoothly drat;URGENT;DONE;2026-04-03;2026-04-02T16:45:41
7;rim spew lest;behind neck concerning;MEDIUM;BLOCKED;2026-04-02;2026-04-02T14:05:33
8;fence officially pro;safeguard ew;LOW;DONE;2026-04-03;2026-04-02T16:17:58
9;save fundraising habit;concerned after;MEDIUM;TODO;2026-04-02;2026-04-02T14:40:12
10;word however experience;gee coaxingly;URGENT;BLOCKED;2026-04-02;2026-04-03T04:52:01
